<?xml version='1.0' encoding='utf-8' standalone='yes' ?>
<map>
    <string name="gpuvendor">Qualcomm</string>
    <long name="apm_uuid" value="1985463796912571596" />
    <string name="gpurender">Adreno (TM) 630</string>
    <long name="apm_uuid_low" value="-8893909236148862164" />
    <string name="apm_user_name">86427700516226344</string>
    <string name="gpuversion">OpenGL ES 3.2 V@415.0 (GIT@033a5b0, I0e419467bc, 1583931100) (Date:03/11/20)</string>
    <int name="apm_initial_launch" value="1" />
    <long name="apm_uuid_high" value="3355624559353282733" />
    <string name="apm_uuid_str">69df1697-bfd0-4e91-bb5b-44f4d657289e</string>
    <string name="apm_linked_uuid">5682585f-dd33-46da-834c-24e9c62fcbfb</string>
</map>
